{"cameraMode":{"drawMode":0,"name":"Shaded","section":"Shading Mode"},"sceneLighting":false,"audioPlay":false,"sceneViewState":{"m_AlwaysRefresh":false,"showFog":true,"showSkybox":false,"showFlares":true,"showImageEffects":true,"showParticleSystems":true,"showVisualEffectGraphs":true,"m_FxEnabled":true},"in2DMode":false,"pivot":{"x":7.079999923706055,"y":0.24000000953674317,"z":2.4600000381469728},"rotation":{"x":-0.1416810005903244,"y":0.48860400915145876,"z":-0.08075758814811707,"w":-0.8571423888206482},"size":0.8660253882408142,"orthographic":false}