{"cameraMode":{"drawMode":0,"name":"Shaded","section":"Shading Mode"},"sceneLighting":false,"audioPlay":false,"sceneViewState":{"m_AlwaysRefresh":false,"showFog":true,"showSkybox":false,"showFlares":true,"showImageEffects":true,"showParticleSystems":true,"showVisualEffectGraphs":true,"m_FxEnabled":true},"in2DMode":false,"pivot":{"x":14.80004596710205,"y":0.26243603229522707,"z":0.0000336766242980957},"rotation":{"x":-0.27627500891685488,"y":0.6733150482177734,"z":-0.3021462857723236,"w":-0.6156598329544067},"size":0.7547457814216614,"orthographic":false}